<?xml version="1.0" encoding="UTF-8"?>
<root>
  <item name="com.kollus.sdk.media.util.Utils int getRenderType(android.content.Context)">
    <annotation name="android.support.annotation.IntDef">
      <val name="value" val="{com.kollus.sdk.media.MediaPlayerBase.RENDER_MODEL, com.kollus.sdk.media.MediaPlayerBase.RENDER_2_POWER, com.kollus.sdk.media.MediaPlayerBase.RENDER_2_MULTIPLE, com.kollus.sdk.media.MediaPlayerBase.RENDER_4_MULTIPLE, com.kollus.sdk.media.MediaPlayerBase.RENDER_16_MULTIPLE, com.kollus.sdk.media.MediaPlayerBase.RENDER_32_MULTIPLE}" />
    </annotation>
  </item>
  <item name="com.kollus.sdk.media.util.Utils void setRenderType(android.content.Context, int) 1">
    <annotation name="android.support.annotation.IntDef">
      <val name="value" val="{com.kollus.sdk.media.MediaPlayerBase.RENDER_MODEL, com.kollus.sdk.media.MediaPlayerBase.RENDER_2_POWER, com.kollus.sdk.media.MediaPlayerBase.RENDER_2_MULTIPLE, com.kollus.sdk.media.MediaPlayerBase.RENDER_4_MULTIPLE, com.kollus.sdk.media.MediaPlayerBase.RENDER_16_MULTIPLE, com.kollus.sdk.media.MediaPlayerBase.RENDER_32_MULTIPLE}" />
    </annotation>
  </item>
</root>

